Make,Model,Year,Color,Miles,MPG,Odo,Date,Amount,Desc,Mechanic,Address,Phone
GMC,Sierra 2500 Extended Cab,2001,BurlyWood,1130,0,1130,1989-07-29,788.947807316019,Hospital road energy.,Lisa Marshall,49615 Goodman ForestKeithfort| ND 67205,+1-028-520-9580x8487,
GMC,Savana 1500 Passenger,2000,SlateBlue,4096,11,4096,1998-06-22,85.6992098730074,Support condition attention soon.,Ashley Luna,2967 Griffith VistaEast Lorraine| AR 99156,229.133.2091,
Dodge,Ram Wagon B250,1994,RosyBrown,3551,53,3551,1994-01-17,64834852.74641,Attack candidate Republican.,Helen Oconnor,4818 Lozano View Apt. 173Vincenttown| TX 04908,+1-155-883-9388,
Lincoln,MKT,2013,Magenta,9437,46,9437,2007-03-24,56.2692692896662,Especially movie civil.,Erika Torres,89083 Taylor Ford Suite 409Dennisbury| NJ 27461,602-257-4973x7647,
Mitsubishi,Outlander Sport,2016,Yellow,2831,19,2831,2014-02-02,5753125502.10695,Guy about friend development true view.,Levi Wiggins,503 Kristen RanchMatthewside| GA 15960,+1-898-468-0891x0932,
MAZDA,Navajo,1993,LawnGreen,983,18,983,1984-10-12,506256274346.592,Small relate bring once.,Leslie Lewis,66763 Rhonda IslandsWest Tarachester| ND 82980,(130)445-2262x324,
GMC,Terrain,2010,ForestGreen,1848,60,1848,1987-07-23,484.814495403598,Maintain at view key great.,Faith Lambert,76145 Breanna Road Apt. 821Ashleymouth| IL 94550,(716)486-9970x169,
Nissan,Sentra,2012,LightSalmon,5403,0,5403,2004-04-11,289222.627931322,Improve stand act from.,Sharon Hawkins,990 Christopher Trafficway Apt. 593Danielletown| CT 38770,+1-237-216-2301x967,
INFINITI,G,2006,CadetBlue,6437,59,6437,2012-11-14,592052.115679824,Within trade senior form set.,Mary Glover,58204 Jones SpurSouth Julia| WI 26464,(522)565-7294x68935,
GMC,Savana 3500 Cargo,2008,HoneyDew,1479,48,1479,2011-12-04,8305.70923341241,Option thought money.,Alexis Hughes,26605 Wheeler Ranch Suite 954Lake Matthew| LA 65314,330.177.1263,
Maserati,Quattroporte,2011,Gold,2010,6,2010,1993-10-12,82524657.4714425,City ten left.,Kenneth Bowers,105 Lloyd RoadsDelacruzmouth| FL 87650,001-657-212-2822x0084,
GMC,Yukon XL 2500,2002,OrangeRed,7590,13,7590,1987-02-14,66360732.9010154,Pick exist result kind both.,Randall Smith,3581 Peter VillagesRonaldton| UT 25439,491.561.8741x340,
GMC,Yukon,1992,Peru,7188,35,7188,1990-05-28,85.5376715092875,Treat pick next forward miss each.,Jennifer Soto,662 Deborah GardenNorth Loriton| MN 98171,(433)524-5895x189,
Lincoln,Navigator,2015,DodgerBlue,2481,15,2481,2004-06-20,2519016.56951038,Onto eye region marriage its join.,Michael Liu,04366 Pittman Lock Apt. 348Delacruzberg| ND 67012,(460)507-5238,
Ford,E250 Super Duty Cargo,2005,LightSkyBlue,6485,42,6485,1973-02-26,84915674319.6118,Relationship because admit mission.,Kelly Solis,538 Cox PinesWilliamhaven| NY 40890,(500)024-2914x00455,
Ram,1500 Crew Cab,2012,MistyRose,5722,47,5722,2004-07-19,21459845.8344873,Race yes natural religious her.,Mario Johnston,578 Matthew ViaductPort Christopherside| FL 52919,(465)454-5738,
Chevrolet,Express 2500 Passenger,1999,Sienna,9455,54,9455,1985-09-12,78639.2243804754,Party tonight million fast as focus.,Grant Mcdowell,50833 Kristina KnollPerezstad| UT 15719,837.241.2296x792,
Suzuki,Aerio,2007,DarkViolet,8656,51,8656,1991-10-11,136434859.720798,Professional forget high return car.,Karen Landry,7496 John Overpass Suite 367Walkerhaven| IL 40533,427.017.9479x5111,
Chevrolet,Sonic,2017,DarkBlue,4635,20,4635,1999-08-22,6.8161362110919,Prevent best order catch.,Elizabeth Campbell,044 Hawkins CornerRandallbury| FL 10371,(081)819-4394x199,
Kia,Optima,2009,FireBrick,3539,7,3539,1980-06-11,493.709233917629,Budget note save.,Jeffrey Parker,651 Thomas Pines Apt. 191West Lisaville| ME 14926,158.198.1801x97940,
Freightliner,Sprinter 2500 Passenger,2013,CornflowerBlue,575,51,575,1989-09-21,3.12647867059871,Manage focus understand environment.,Charles Richmond,PSC 5249| Box 8661APO AA 05150,856.379.2512x211,
MAZDA,Navajo,1994,LimeGreen,5053,13,5053,1984-08-28,368572.326537558,Mean board add plan effort skill prove.,Cole Warren,3685 Eric HavenLake Williamport| CT 27989,9632111002,
GMC,Canyon Crew Cab,2005,Pink,5287,57,5287,2001-04-27,4.3159215506243,Only recognize outside final interest lay base.,Jesus Pennington,02573 Courtney FordsNorth Chrisshire| IL 62216,001-619-368-0602x4107,
MAZDA,626,2000,RoyalBlue,3271,19,3271,1989-11-20,91384715.151854,Song agency southern better.,Erin Chambers,88371 Robbins Meadows Suite 130West Alexis| NC 93870,371-880-7016x907,
Dodge,Sprinter 2500 Passenger,2008,MediumSeaGreen,9014,17,9014,1986-04-05,881373629.835958,Center very individual every produce plan.,Debra Brown,075 Foster Glens Apt. 836South Sarah| ME 45263,+1-129-418-5311x115,
Dodge,Dakota Club Cab,2006,Yellow,965,25,965,1998-12-10,746072524.391001,Early along response imagine both sit.,Christine Hughes,Unit 9568 Box 2136DPO AE 64164,001-865-111-1290x55898,
Cadillac,Escalade ESV,2018,Sienna,6919,11,6919,2001-06-25,533.383040061367,Least half operation.,Jonathan Jordan,590 Michelle FallNew Jerryshire| NH 10649,276-535-4030x418,
Dodge,Ram 3500 Quad Cab,1999,Blue,5702,39,5702,2017-07-28,6068006.88257507,Economy significant fly really information.,Paul Gates DVM,33316 Gillespie Island Apt. 577Moorefort| PA 62935,636.612.0043x56259,
MINI,Roadster,2012,SteelBlue,1344,50,1344,1975-02-13,49974.456343679,Real suddenly movement growth trial.,John Nunez,USCGC MartinezFPO AA 62873,6594539342,
Chevrolet,3500 Extended Cab,1997,MediumBlue,8591,17,8591,1973-02-01,40895310779677.7,Democrat style trial.,John Warner,19297 Roberts Greens Suite 427South Alicia| MD 54001,001-845-409-7967x526,
Jeep,Grand Cherokee,2009,LightSeaGreen,9077,29,9077,1987-12-20,9792174.9933423,Scientist inside nice financial century.,Christopher Salas,75932 Diana Lodge Apt. 093Wilsonberg| OK 89176,118.670.4526x78332,
Hyundai,Sonata,1994,Bisque,6167,25,6167,2006-06-14,374.84256350796,Operation upon place.,Michael Walter,7200 Amy VistaKristinshire| FL 84001,158-241-6713x89477,
Lincoln,Mark VIII,1994,WhiteSmoke,7139,53,7139,1983-11-01,614817.201354194,Fight although how though.,Penny Brown,75466 Jean CovesWhiteshire| NC 99627,001-583-408-1610x5239,
Ford,E250 Cargo,2011,SpringGreen,185,35,185,1981-07-28,714165086153.53,Individual degree discussion information treat guess.,Kimberly Garrett,534 Charlene Hills Apt. 295New Michaelshire| CA 91292,3635188072,
Ram,Dakota Crew Cab,2011,DeepSkyBlue,7100,26,7100,1981-07-14,1.71832918236265,Congress seem floor.,Betty Gallagher,6088 Danny Prairie Apt. 771South Christopher| MI 92468,931-511-7221x269,
BMW,Z4,2012,DarkViolet,9713,3,9713,1978-10-09,550050.528567729,Crime PM computer recently.,Amanda Anderson,90318 Haynes CanyonGaryport| VA 32632,001-641-982-1585x7817,
Acura,RDX,2012,FloralWhite,7458,4,7458,1997-10-01,305248697416.68,Bank water style peace yourself lose.,Jenna Green,46342 Rangel ForgesHeatherport| HI 23279,812-063-0768,
GMC,Sierra 2500 HD Regular Cab,1999,RoyalBlue,9954,52,9954,1980-11-05,4.776126692541,Author specific design charge teacher individual.,Alison Anderson,689 Beth Underpass Apt. 492East Ericaberg| TX 07820,+1-015-037-1011x18001,
Mercedes-Benz,SLC,2017,Violet,6805,46,6805,1996-07-23,3061195870.5671,Green send job.,Sara French,9973 Karen ValleysSouth Jennifer| NH 67044,+1-136-153-0048,
Toyota,Tacoma Access Cab,2017,LightGoldenRodYellow,6139,53,6139,2000-08-14,50259.6873257542,Front season employee hundred police.,Joel Hernandez,5461 Melinda HollowEast Holly| SD 32927,840.337.5184x615,
Chevrolet,Lumina APV,1992,DarkSalmon,805,10,805,1996-02-20,75742.62087351,Sea performance which three game interest.,Kendra Mora,61322 Williams Avenue Suite 744Danielburgh| KS 01956,001-377-068-7124x19225,
Chevrolet,Cruze,2015,HotPink,7564,5,7564,2009-07-28,308378521936.862,Friend my fund.,Thomas Melendez,669 Moore Fort Apt. 789Youngstad| SD 26683,670.703.1124x93889,
Chevrolet,Cavalier,2001,DarkTurquoise,420,21,420,2004-01-22,167387263.558173,Teacher ready would.,Jill Davis,92383 Timothy TrailEast Brandon| WA 16149,(886)293-9060x09176,
Buick,Park Avenue,1992,SlateGray,1262,18,1262,2015-04-05,4248100.3605185,Sit Mrs southern data.,Eduardo Villanueva,2954 Shane Village Suite 852West Ryan| TN 70002,443-639-6213x8403,
Mitsubishi,Mirage G4,2018,PeachPuff,1694,8,1694,1988-06-18,74.7968788111064,Lose develop staff price.,Maria Perez,0691 Dawn Cliffs Suite 417Port Jennifertown| CA 92292,(071)770-0966,
Chevrolet,Corsica,1992,Peru,4713,2,4713,1999-02-26,21867979370.3713,Remember question scientist do enjoy wide.,John Leonard,366 Arthur Dale Apt. 587Lake Lindastad| OK 97530,145-050-6252,
Mercury,Sable,2002,PaleTurquoise,4474,1,4474,1998-05-31,536485651.684202,Treat enough remain they your source.,Katherine Oneal,57434 Williams Mountain Suite 292Danielside| OH 02542,927.923.7759,
Nissan,GT-R,2012,AntiqueWhite,6028,49,6028,2013-02-21,9089176684959.9,Daughter believe style skill school.,Rhonda Hodges,6545 Rachel Pass Apt. 165Estradafurt| AZ 73660,373.639.4546x83876,
Chevrolet,Silverado 1500 Crew Cab,2009,BlanchedAlmond,7404,38,7404,1988-08-15,9038.580797561,Model many through.,Gabrielle Chan,124 Justin GroveTarachester| OH 81453,(432)885-1034,
Honda,Accord,1996,ForestGreen,8714,38,8714,2014-08-29,48.4266615477626,Country challenge star.,Mr. Christopher Johnson,1652 Berry Trail Suite 508Haileyhaven| FL 25283,059.598.7151x826,
